Ano;Índice Mineiro de Responsabilidade Social;Índice Mineiro de Responsabilidade Social - Assistência Social;Índice Mineiro de Responsabilidade Social - Cultura;Índice Mineiro de Responsabilidade Social - Cultura, Esporte, Turismo e Lazer;Índice Mineiro de Responsabilidade Social - Educação;Índice Mineiro de Responsabilidade Social - Esporte, Turismo e Lazer;Índice Mineiro de Responsabilidade Social - Finanças municipais;Índice Mineiro de Responsabilidade Social - Meio Ambiente;Índice Mineiro de Responsabilidade Social - Saneamento, Habitação e Meio Ambiente;Índice Mineiro de Responsabilidade Social - Renda e emprego;Índice Mineiro de Responsabilidade Social - Saneamento e Habitação;Índice Mineiro de Responsabilidade Social - Saúde;Índice Mineiro de Responsabilidade Social - Segurança Pública;Índice Mineiro de Responsabilidade Social - Vulnerabilidade;Renda per capita;Renda de corte dos 10% mais ricos;Percentual da renda apropriada pelos 10% mais ricos;Percentual da renda apropriada pelos 60% mais pobres;Razão 20% mais ricos / 40% mais pobres;Rendimento médio dos ocupados-18 anos ou mais;Taxa de atividade 18 anos e mais;Taxa de desocupação 18 anos e mais;Percentual de ocupados no setor agropecuário;Percentual de ocupados na indústria da transformação;Percentual de ocupados na indústria da construção;Percentual de ocupados no setor extrativo mineral;Percentual de ocupados no setor de comércio;Percentual de ocupados no setor de serviços;Percentual de ocupados no setor de serviços de utilidade pública;Grau de formalização do trabalho das pessoas ocupadas - 18 anos ou mais;Percentual de pessoas com renda domiciliar per capita inferior a R$140,00;Percentual de crianças com renda domiciliar per capita inferior a R$140,00;Percentual de pessoas com renda domiciliar per capita inferior a R$255,00;Percentual de crianças com renda domiciliar per capita inferior a R$255,00;Taxa de analfabetismo da população de 15 anos ou mais;Taxa de analfabetismo da população de 10 anos ou mais;Taxa de analfabetismo da população de 15 a 17 anos;Taxa de analfabetismo da população de 18 a 24 anos;Taxa de analfabetismo da população de 25 anos ou mais;Proporção de pessoas de 15 anos ou mais de idade com ensino fundamental completo;Proporção de pessoas de 25 ou mais de idade com ensino fundamental completo;Percentual da população de 25 anos ou mais com ensino médio completo;Taxa de atendimento escolar às crianças de 4 e 5 anos;Taxa de escolarização líquida do Ensino Fundamental;Taxa de crianças que frequentam o Ensino Fundamental na série adequada;Taxa de escolarização líquida do Ensino Médio;Taxa de adolescentes que frequentam o Ensino Médio na série adequada;Total de escolas que oferecem os anos iniciais do Ensino Fundamental Regular;Total de escolas que oferecem os anos finais do Ensino Fundamental Regular;Total de escolas que oferecem o Ensino Fundamental Regular completo;Total de escolas que oferecem o Ensino Médio Regular;Taxa de matriculados no Ensino Fundamental com 15 anos ou mais de idade;Taxa de matriculados no Ensino Médio com 18 anos ou mais de idade;Taxa de pessoas de 15 anos ou mais na EJA-fundamental;Taxa de pessoas de 18 anos ou mais na EJA-médio;IDEB - anos iniciais do Ensino Fundamental da rede pública;IDEB - anos finais do Ensino Fundamental da rede pública;Índice de Qualidade da Educação - 5º ano do Ensino Fundamental (Matemática);Índice de Qualidade da Educação - 9º ano do Ensino Fundamental (Matemática);Índice de Qualidade da Educação - 3ª série do Ensino Médio (Matemática);Índice de Qualidade da Educação - 5º ano do Ensino Fundamental (Língua Portuguesa);Índice de Qualidade da Educação - 9º ano do Ensino Fundamental (Língua Portuguesa);Índice de Qualidade da Educação - 3ª série do Ensino Médio (Língua Portuguesa);Índice de Qualidade da Educação - 5º ano do Ensino Fundamental;Índice de Qualidade da Educação - 9º ano do Ensino Fundamental;Índice de Qualidade da Educação - 3ª série do Ensino Médio;Índice de Qualidade Geral da Educação;Taxa de alunos do 9º ano do Ensino Fundamental nos níveis recomendado ou avançado - Matemática;Taxa de alunos do 9º ano do Ensino Fundamental nos níveis recomendado ou avançado - Português;Taxa de alunos da 3ª série do Ensino Médio nos níveis recomendado ou avançado - Matemática;Taxa de alunos da 3ª série do Ensino Médio nos níveis recomendado ou avançado - Português;Participação dos alunos do 9º ano do Ensino Fundamental na prova de Matemática do PROEB;Participação dos alunos do 9º ano do Ensino Fundamental na prova de Português do PROEB;Participação dos alunos da 3ª série do Ensino Médio na prova de Matemática do PROEB;Participação dos alunos da 3ª série do Ensino Médio na prova de Português do PROEB;Percentual de alunos do 9º ano do Ensino Fundamental que fizeram a prova de Matemática do PROEB;Percentual de alunos do 9º ano do Ensino Fundamental que fizeram a prova de Português do PROEB;Percentual de alunos da 3ª série do Ensino Médio que fizeram a prova de Matemática do PROEB;Percentual de alunos da 3ª série do Ensino Médio que fizeram a prova de Português do PROEB;Taxa de alunos em escolas com laboratório de informática - Ensino Fundamental;Taxa de alunos em escolas com Internet - Ensino Fundamental;Taxa de alunos em escolas com laboratório de informática - Ensino Médio;Taxa de alunos em escolas com Internet - Ensino Médio;Taxa de analfabetismo da população de 25 anos ou mais de idade - brancos;Taxa de analfabetismo da população de 25 anos ou mais de idade - pretos ou pardos;Percentual da população de 25 anos ou mais de idade com o Ensino Fundamental completo - brancos;Percentual da população de 25 anos ou mais de idade com o Ensino Fundamental completo - pretos ou pardos;Percentual da população de 25 anos ou mais de idade com o Ensino Médio completo - brancos;Percentual da população de 25 anos ou mais de idade com o Ensino Médio completo - pretos ou pardos;Taxa de atendimento escolar das crianças de 0 a 3 anos de idade;Taxa de atendimento escolar aos adolescentes de 15 a 17 anos de idade;Taxa de distorção idade-série do Ensino Fundamental;Taxa de distorção idade-série dos anos iniciais do Ensino Fundamental;Taxa de distorção idade-série dos anos finais do Ensino Fundamental;Taxa de distorção idade-série do Ensino Médio;Percentual de docentes com curso superior que lecionam na educação infantil;Percentual de docentes com curso superior que lecionam no ensino fundamental;Percentual de docentes com curso superior que lecionam nos anos iniciais do ensino fundamental;Percentual de docentes com curso superior que lecionam nos anos finais do ensino fundamental;Percentual de docentes com curso superior que lecionam no ensino médio;Taxa de transição (Promoção): Ensino Fundamental;Taxa de transição (Promoção): anos iniciais do Ensino Fundamental;Taxa de transição (Promoção): anos finais do Ensino Fundamental;Taxa de transição (Promoção): Ensino Médio;Taxa de transição (Repetência): Ensino Fundamental;Taxa de transição (Repetência): anos iniciais do Ensino Fundamental;Taxa de transição (Repetência): anos finais do Ensino Fundamental;Taxa de transição (Repetência): Ensino Médio;Taxa de transição (Evasão): Ensino Fundamental;Taxa de transição (Evasão): anos iniciais do Ensino Fundamental;Taxa de transição (Evasão): anos finais do Ensino Fundamental;Taxa de transição (Evasão): Ensino Médio;Taxa de transição (Migração para a EJA): Ensino Fundamental;Taxa de transição (Migração para a EJA): anos iniciais do Ensino Fundamental;Taxa de transição (Migração para a EJA): anos finais do Ensino Fundamental;Taxa de transição (Migração para a EJA): Ensino Médio;Taxa de Rendimento (Aprovação): Ensino Fundamental;Taxas de Rendimento (Aprovação): anos iniciais do Ensino Fundamental;Taxas de Rendimento (Aprovação): anos finais do Ensino Fundamental;Taxas de Rendimento (Aprovação): Ensino Médio;Taxas de Rendimento (Reprovação): Ensino Fundamental;Taxas de Rendimento (Reprovação): anos iniciais do Ensino Fundamental;Taxas de Rendimento (Reprovação): anos finais do Ensino Fundamental;Taxas de Rendimento (Reprovação): Ensino Médio;Taxas de Rendimento (Abandono): Ensino Fundamental;Taxas de Rendimento (Abandono): anos iniciais do Ensino Fundamental;Taxas de Rendimento (Abandono): anos finais do Ensino Fundamental;Taxas de Rendimento (Abandono): Ensino Médio;Percentual de docentes com formação classificada como grupo 1 na Educação Infantil;Percentual de docentes com formação classificada como grupo 2 na Educação Infantil;Percentual de docentes com formação classificada como grupo 3 na Educação Infantil;Percentual de docentes com formação classificada como grupo 4 na Educação Infantil;Percentual de docentes com formação classificada como grupo 5 na Educação Infantil;Percentual de docentes com formação classificada como grupo 1 no Ensino Fundamental;Percentual de docentes com formação classificada como grupo 2 no Ensino Fundamental;Percentual de docentes com formação classificada como grupo 3 no Ensino Fundamental;Percentual de docentes com formação classificada como grupo 4 no Ensino Fundamental;Percentual de docentes com formação classificada como grupo 5 no Ensino Fundamental;Percentual de docentes com formação classificada como grupo 1 nos anos iniciais do Ensino Fundamental;Percentual de docentes com formação classificada como grupo 2 nos anos iniciais do Ensino Fundamental;Percentual de docentes com formação classificada como grupo 3 nos anos iniciais do Ensino Fundamental;Percentual de docentes com formação classificada como grupo 4 nos anos iniciais do Ensino Fundamental;Percentual de docentes com formação classificada como grupo 5 nos anos iniciais do Ensino Fundamental;Percentual de docentes com formação classificada como grupo 1 nos anos finais do Ensino Fundamental;Percentual de docentes com formação classificada como grupo 2 nos anos finais do Ensino Fundamental;Percentual de docentes com formação classificada como grupo 3 nos anos finais do Ensino Fundamental;Percentual de docentes com formação classificada como grupo 4 nos anos finais do Ensino Fundamental;Percentual de docentes com formação classificada como grupo 5 nos anos finais do Ensino Fundamental;Percentual de docentes com formação classificada como grupo 1 no Ensino Médio;Percentual de docentes com formação classificada como grupo 2 no Ensino Médio;Percentual de docentes com formação classificada como grupo 3 no Ensino Médio;Percentual de docentes com formação classificada como grupo 4 no Ensino Médio;Percentual de docentes com formação classificada como grupo 5 no Ensino Médio;Percentual de docentes com formação classificada como grupo 1 na EJA do Ensino Fundamental;Percentual de docentes com formação classificada como grupo 2 na EJA do Ensino Fundamental;Percentual de docentes com formação classificada como grupo 3 na EJA do Ensino Fundamental;Percentual de docentes com formação classificada como grupo 4 na EJA do Ensino Fundamental;Percentual de docentes com formação classificada como grupo 5 na EJA do Ensino Fundamental;Percentual de docentes com formação classificada como grupo 1 na EJA do Ensino Médio;Percentual de docentes com formação classificada como grupo 2 na EJA do Ensino Médio;Percentual de docentes com formação classificada como grupo 3 na EJA do Ensino Médio;Percentual de docentes com formação classificada como grupo 4 na EJA do Ensino Médio;Percentual de docentes com formação classificada como grupo 5 na EJA do Ensino Médio;Percentual de matrículas na Educação Infantil em estabelecimentos da rede federal;Percentual de matrículas na Educação Infantil em estabelecimentos da rede estadual;Percentual de matrículas na Educação Infantil em estabelecimentos da rede municipal;Percentual de matrículas na Educação Infantil em estabelecimentos da rede particular;Percentual de matrículas no Ensino Fundamental em estabelecimentos da rede federal;Percentual de matrículas no Ensino Fundamental em estabelecimentos da rede estadual;Percentual de matrículas no Ensino Fundamental em estabelecimentos da rede municipal;Percentual de matrículas no Ensino Fundamental em estabelecimentos da rede particular;Percentual de matrículas nos anos iniciais do Ensino Fundamental em estabelecimentos da rede federal;Percentual de matrículas nos anos iniciais do Ensino Fundamental em estabelecimentos da rede estadual;Percentual de matrículas nos anos iniciais do Ensino Fundamental em estabelecimentos da rede municipal;Percentual de matrículas nos anos iniciais do Ensino Fundamental em estabelecimentos da rede particular;Percentual de matrículas nos anos finais do Ensino Fundamental em estabelecimentos da rede federal;Percentual de matrículas nos anos finais do Ensino Fundamental em estabelecimentos da rede estadual;Percentual de matrículas nos anos finais do Ensino Fundamental em estabelecimentos da rede municipal;Percentual de matrículas nos anos finais do Ensino Fundamental em estabelecimentos da rede particular;Percentual de matrículas no Ensino Médio em estabelecimentos da rede federal;Percentual de matrículas no Ensino Médio em estabelecimentos da rede estadual;Percentual de matrículas no Ensino Médio em estabelecimentos da rede municipal;Percentual de matrículas no Ensino Médio em estabelecimentos da rede particular;Taxa de atendimento da educação básica;Percentual de matrícula em tempo integral na Creche;Percentual de matrícula em tempo integral na Pré-escola;Percentual de matrícula em tempo integral nos anos iniciais do Ensino Fundamental;Percentual de matrícula em tempo integral nos anos finais do Ensino Fundamental;Percentual de matrícula em tempo integral no Ensino Médio;Taxa bruta de mortalidade;Taxa bruta de mortalidade padronizada;Taxa de mortalidade por doenças isquêmicas do coração na população de 45 a 59 anos;Taxa de mortalidade por doenças cérebro-vasculares da população de 45 a 59 anos;Taxa de mortalidade por acidente de transporte da população de 15 a 29 anos;Taxa de mortalidade por homicídio da população total;Taxa de mortalidade por homicídio da população de 15 a 29 anos;Taxa de mortalidade por câncer de colo de útero;Taxa de mortalidade por câncer de mama;Taxa de mortalidade por câncer de pulmão;Mortalidade proporcional da população idosa;Proporção de nascidos vivos com baixo peso;Casos confirmados notificados de sífilis congênita em menores de 1 ano;Casos confirmados notificados de tétano neonatal;Casos confirmados notificados de raiva humana;Proporção de internações por doenças de veiculação hídrica;Proporção de internações por doenças relacionadas ao saneamento ambiental inadequado;Proporção da população atendida pela Estratégia de Saúde da Família;Meses de cobertura da Estratégia de Saúde da Família;Proporção de nascidos vivos cujas mães realizaram 7 ou mais consultas de pré-natal;Cobertura vacinal de tetravalente em menores de 1 ano;Cobertura vacinal contra poliomielite em menores de 1 ano;Cobertura vacinal de tríplice viral da população de 1 ano de idade;Cobertura vacinal de febre amarela em menores de 1 ano;Proporção de óbitos por causas mal definidas;Proporção de óbitos por causas mal definidas sem assistência médica;Proporção de internações por doenças cérebro vasculares na população de 40 anos ou mais;Proporção de internações por diabetes mellitus e suas complicações na população de 30 anos ou mais;Proporção de internações hospitalares por condições sensíveis à atenção primária (portaria N.º 221 de 17 de abril 2008);Proporção de internações hospitalares por condições sensíveis à atenção primária da população de 1 a 5 anos (portaria N.º 221 de 17 de abril 2008);Proporção de internações hospitalares por condições sensíveis à atenção primária da população de 60 anos ou mais (portaria N.º 221 de 17 de abril 2008);Proporção de internações por fratura de fêmur na população de 60 anos ou mais;Taxa de mortalidade por câncer de próstata;Proporção das internações de média complexidade de pacientes do SUS encaminhados para outra microrregião;Proporção das internações para o parto de pacientes do SUS encaminhadas para outra microrregião;Cobertura vacinal de Pentavalente em menores de 1 ano;Taxa de mortalidade por doenças crônicas não transmissíveis na população de 30 a 69 anos;Proporção de internações por condições sensíveis à atenção básica (metodologia do Ministério da Saúde);Percentual da população pobre ou extremamente pobre no Cadastro Único em relação a população total do município;Percentual de pessoas em idade produtiva (18 a 64 anos) e sem ocupação do Cadastro Único;Percentual de pessoas de 15 anos ou mais de idade que não sabem ler e escrever e a população nessa faixa etária no Cadastro Único;Esperança de vida ao nascer;Taxa bruta de mortalidade (cálculo indireto);Taxa bruta de natalidade (cálculo indireto);Gasto per capita com agropecuária;Gasto per capita com desenvolvimento econômico;Gasto per capita com atividades de educação;Gasto per capita com infraestrutura;Gasto per capita com reforma agrária e colonização;Gasto per capita com atividades de saúde;Gasto per capita com segurança pública;Gasto per capita com apoio ao trabalho;Gasto per capita com turismo;Esforço orçamentário em agropecuária;Esforço orçamentário em desenvolvimento econômico;Esforço orçamentário em atividades de educação;Esforço orçamentário em infraestrutura;Esforço orçamentário em reforma agrária e colonização;Esforço orçamentário em atividades de saúde;Esforço orçamentário em segurança pública;Esforço orçamentário em apoio ao trabalho;Esforço orçamentário em turismo;Existência de Conselho Municipal de Saúde;Existência de Conselho Municipal de Educação;Existência de Conselho Municipal de Transporte;Existência de Plano Municipal de Educação;Existência de Plano Municipal da Saúde;Existência de fundo municipal de saúde;Famílias beneficiadas pelo Bolsa Família;Transferências do Bolsa Família;Transferências por família beneficiada;Deficientes beneficiados pelo BPC;Idosos beneficiados pelo BPC;Total de beneficiários do BPC;Transferências do BPC - deficientes;Transferências do BPC - idosos;Total das transferências do BPC;Transferências por beneficiário do BPC;Transferências do BF e BPC;Transferências per capita - BF e BPC;Transferências per capita - BF;Transferências per capita - BPC;Valor Adicionado - agropecuária;Valor Adicionado - indústria;Valor Adicionado - administração pública;Valor Adicionado - serviços;Participação da agropecuária no Valor Adicionado;Participação da indústria no Valor Adicionado;Participação da administração pública no Valor Adicionado;Participação dos serviços no Valor Adicionado;Valor Adicionado - total;Impostos líquidos;Produto Interno Bruto;Produto Interno Bruto per capita;Valor Adicionado Fiscal (VAF);Valor Adicionado Fiscal (VAF) das atividades primárias;Valor Adicionado Fiscal (VAF) da extrativa mineral;Valor Adicionado Fiscal (VAF) da indústria de transformação;Valor Adicionado Fiscal (VAF) da indústria da construção;Valor Adicionado Fiscal (VAF) dos serviços industriais de utilidade pública;Valor Adicionado Fiscal (VAF) do comércio varejista;Valor Adicionado Fiscal (VAF) do comércio atacadista;Valor Adicionado Fiscal (VAF) dos serviços;Valor Adicionado Fiscal (VAF) dos outros setores;Participação das atividades primárias no VAF;Participação da extrativa mineral no VAF;Participação da indústria de transformação no VAF;Participação da indústria da construção no VAF;Participação dos serviços industriais de utilidade pública no VAF;Participação do comércio varejista no VAF;Participação do comércio atacadista no VAF;Participação dos serviços no VAF;Participação dos outros setores no VAF;VAF per capita;VAF per capita do comércio varejista;Empregados do setor formal;Taxa de emprego no setor formal;Rendimento médio no setor formal;Rendimento per capita no setor formal;Empregados do setor formal - atividades primárias;Empregados do setor formal - extrativa mineral;Empregados do setor formal - indústria de transformação;Empregados do setor formal - serviços industriais de utilidade pública;Empregados do setor formal - indústria da construção;Empregados do setor formal - comércio;Empregados do setor formal - serviços;Taxa de crimes violentos;Taxa de crimes violentos contra o patrimônio;Taxa de crimes violentos contra a pessoa;Taxa de crimes de menor potencial ofensivo;Taxa de ocorrências de homicídios dolosos (instituições de segurança pública);Número de ocorrências de homicídios dolosos (instituições de segurança pública);Número de ocorrências de Homicídio tentado;Número de ocorrências de Latrocínio;Número de ocorrências de Roubo;Número de ocorrências de Entorpecentes - Tráfico;Número de ocorrências de Entorpecentes - Posse e Uso;Número de ocorrências de Porte ilegal de arma de fogo;Número de ocorrências de Estupro;Número de ocorrências de Suicídio;Número de ocorrências de mortes acidentais no trânsito;Número de vítimas de mortes por agressão (instituições de saúde);Taxa de vítimas de mortes por agressão (instituições de saúde);Número de ocorrências de mortes por agressão referentes a menor de 15 anos;Número de ocorrências de mortes por agressão referentes a 15 a 24 anos;Número de ocorrências de mortes por agressão referentes a 25 a 29 anos;Número de ocorrências de mortes por agressão referentes a 30 e mais;Número de ocorrências de mortes por agressão referentes a cor branca;Número de ocorrências de mortes por agressão referentes a cor preta;Número de ocorrências de mortes por agressão referentes a cor parda;Número de ocorrências de mortes por agressão referentes a cor amarela, indígena e ignorado;Número de ocorrências de mortes por agressão referentes a homens;Número de ocorrências de mortes por agressão referentes a mulheres;Habitantes por policial militar;Número de policiais militares;Razão entre homicídios dolosos e policial militar;Habitantes por policial civil;Número de policiais civis;Razão entre homicídios dolosos e policial civil;Habitantes por policial civil ou militar;Razão entre homicídios dolosos e policial militar ou civil;Habitantes por juiz na comarca;Razão entre homicídios dolosos e juiz na comarca;Numero de juízes na comarca;Habitantes por promotor na comarca;Razão entre homicídios dolosos e promotor na comarca;Número de promotores na comarca;Habitantes por defensor público na comarca;Razão entre homicídios dolosos e defensor público na comarca;Número de defensores públicos na comarca;Natureza da unidade policial militar;Existência de delegacia de Polícia Civil (distrital ou especializada);Existência de Guarda Municipal;Tamanho do efetivo da Guarda Municipal;Existência de unidade de internação de adolescentes infratores;Existência de unidade prisional;Número de pessoas presas em estabelecimento da Polícia Civil no município.;Taxa de ocupação penitenciária em estabelecimento da Polícia Civil no município.;Número de pessoas presas em estabelecimento da SEJUSP;Taxa de ocupação penitenciária em estabelecimento da SEJUSP no município.;Fundo municipal de segurança pública - existência;Plano municipal de segurança pública - existência;O município é sede de comarca;O município mantém serviço de assistência jurídica;Existência de Conselho de Segurança Pública;Pessoas elegíveis ao Auxílio emergencial;Auxílio emergencial - total;Auxílio emergencial por pessoa elegível;Auxílio emergencial - BF;Auxílio emergencial - % BF;Transferências totais - BF, BPC e AE;Participação do AE nas transferências totais;Transferências totais per capita - BF, BPC e AE;Número de médicos por 1000 habitantes
2010;0,660;0,728;0,824;;0,531;0,642;0,568;;0,634;0,753;;0,655;0,657;;1050,88;3215,27;45,43;21,19;11,61;1438,12;66,51;7,45;2,63;11,42;8,24;0,23;17,17;53,73;1,09;73,74;5,48;17,73;12,30;33,93;3,27;3,11;0,81;0,54;3,92;64,88;61,27;45,85;81,59;95,13;76,97;52,76;46,56;216;133;121;59;12,68;33,95;1,61;1,32;;;0,68;0,53;0,45;0,60;0,46;0,40;0,64;0,50;0,43;0,52;;;;;2530;2601;2071;2128;;;;;87,06;93,97;90,29;97,16;2,50;6,73;70,02;48,22;55,58;31,49;17,63;94,50;;;;;;;;;;;;;;;;;;;;;;;;;;;91,8;79,9;;;;;;;;;;;;;;;;;;;;;;;;;;;;;;;;;;;;;;;;;;;;;;;;;;;;;;;;;;;;;;;;;;;;;;;7,57;5,10;55,22;44,88;18,19;11,62;25,23;3,31;17,27;15,30;66,45;11,54;6;;;0,29;1,06;47,28;12;77,60;86,26;84,23;84,47;77,62;8,9;2,2;4,47;0,84;18,11;24,43;29,86;;15,57;0,48;0,17;85,75;336,20;;;;;75,65;5,52;15,08;1,73;0,03;264,73;137,91;0,00;547,66;0,38;33,00;0,35;0,11;0,00;16,72;8,71;0,00;34,59;0,02;2,08;0,02;Sim;Sim;Sim;;;;14901;13889,40;77,68;3870;1858;5729;23625,77;11366,59;34992,36;509,01;48881,77;7,89;2,24;5,65;56027,59;2215124,56;1215119,57;4749600,21;0,68;26,90;14,75;57,67;8235871,93;1676643,20;9912515,13;19140,86;4771098,99;42686,67;14920,47;1651650,87;3918,36;424193,30;1142132,89;542410,67;948567,22;618,53;0,9;0,3;34,6;0,1;8,9;23,9;11,4;19,9;0,0;9241,89;2212,38;134320;37,1;1283,29;333,89;1376;108;20261;1092;9034;31100;71349;227,99;181,50;46,49;;8,52;44;;;;;;;;25;76;63;12,20;1;22;14;26;19;26;18;0;52;11;344,62;1498;0,03;;;;344,62;;20077,77;1;26,00;1088,27;1;26,00;;;;Sede da 4ª RPM e do 2º, 27º BPM;Sim;;;Sim;Sim;;;12733;152,14;;;Sim;;Sim;;;;;;;;;3,49
2011;;;;;;;;;;;;;;;;;;;;;;;;;;;;;;;;;;;;;;;;;;;76,66;88,33;75,64;54,09;47,48;215;134;122;59;12,85;32,95;1,38;1,43;5,6;4,1;0,69;0,47;0,41;0,60;0,44;0,34;0,65;0,45;0,38;0,49;21,78;36,24;14,29;35,39;2534;2442;2267;2396;36,68;35,35;43,09;45,54;89,19;97,72;89,41;100,00;;;;;;;16,67;95,09;;;;;;;;;;;;;;;;;;;;;;;;;;;95,1;76,2;;;;;;;;;;;;;;;;;;;;;;;;;;;;;;;;;;;;;;;;;;;;;;;;;;;;;;;;;;;;;;;;;;;;;;;7,73;6,70;156,11;143,10;27,58;12,48;32,00;4,01;23,30;16,70;67,11;11,70;21;;;0,28;0,48;36,65;12;74,90;89,62;86,58;90,30;84,77;10,1;1,7;5,21;0,78;18,55;25,51;30,87;;17,79;0,43;0,05;90,19;353,08;;;;;;;;2,30;0,05;309,14;165,24;0,00;623,45;0,30;44,48;0,15;0,13;0,00;16,86;9,01;0,00;34,00;0,02;2,43;0,01;Sim;Sim;;;;;14216;16791,81;98,43;4324;2237;6561;28147,17;13322,12;41469,29;526,69;58261,10;9,28;2,67;6,60;43577,19;2166738,28;1325083,48;5128909,24;0,50;25,01;15,29;59,20;8664308,18;1826053,19;10490361,37;20142,36;5419216,37;35531,17;16972,65;2070373,45;4133,72;491861,02;1171394,32;633840,97;993628,88;1480,20;0,7;0,3;38,2;0,1;9,1;21,6;11,7;18,3;0,0;10356,15;2238,54;140710;37,7;1337,24;359,58;1257;127;18954;1104;8911;32994;77363;200,20;162,09;38,11;;7,84;41;;;;;;261;;31;102;66;12,61;5;17;12;32;28;18;20;0;57;9;351,19;1483;0,03;2161,04;241;0,17;302,09;0,02;17637,56;1;30,00;;;;;;;Sede da 4ª RPM e do 2º, 27º BPM;Sim;;;;Sim;;;1659;131,08;;;Sim;;Sim;;;;;;;;;3,55
2012;0,622;0,670;0,719;;0,580;0,630;0,735;0,327;;0,723;0,437;0,661;0,611;;;;;;;;;;;;;;;;;;;;;;;;;;;;;;73,52;83,94;72,74;56,24;49,27;210;134;122;59;12,82;32,08;1,35;1,47;;;0,72;0,49;0,42;0,63;0,45;0,35;0,68;0,47;0,38;0,50;23,62;38,13;13,24;31,89;2354;2465;2380;2565;35,62;37,30;43,45;46,82;88,63;98,28;89,38;100,00;;;;;;;17,52;95,59;;;;;;;;;;;;;;;;;;;;;;;;;;;94,8;79,0;;;;;;;;;;;;;;;;;;;;;;;;;;;;;;;;;;;;;;;;;;;;;;;;;;;;;;;;;;;;;;;;;;;;;;;7,49;7,83;41,68;44,59;13,41;19,23;75,25;2,89;19,14;16,18;67,34;11,79;40;0;0;0,57;0,75;43,42;12;73,15;89,77;90,74;96,69;87,62;7,8;1,5;4,95;0,65;18,59;28,90;29,33;;14,32;0,46;0,02;72,14;322,72;;;;;;;;2,77;0,09;344,07;214,16;0,00;691,86;0,09;41,49;0,18;0,14;0,00;16,91;10,53;0,00;34,01;0,00;2,04;0,01;;;Sim;;;;14438;20602,41;118,92;4665;2398;7062;34684,88;16312,96;50997,85;601,79;71600,25;11,22;3,23;7,99;23066,28;2491011,59;1463861,03;5922749,99;0,23;25,16;14,79;59,82;9900688,90;2015473,96;11916162,85;22687,73;5344911,95;41422,82;25875,84;1917337,04;16152,53;375476,88;1354981,68;537649,56;1075998,96;16,64;0,8;0,5;35,9;0,3;7,0;25,4;10,1;20,1;0,0;10047,26;2547,07;150360;39,6;1471,48;415,90;1173;144;19993;1028;9984;32293;85745;306,59;156,96;66,17;;12,22;65;152;;835;;;325;118;27;91;105;19,74;4;47;20;33;35;26;42;2;100;5;379,71;1401;0,05;;;;;;18548,38;2;29,00;;;;;;;4ª RPM;;Sim;126;;Sim;;;1678;132,54;Não;Não;Sim;;Sim;;;;;;;;;3,70
2013;;;;;;;;;;;;;;;;;;;;;;;;;;;;;;;;;;;;;;;;;;;80,65;93,30;86,05;62,06;56,95;203;134;120;59;7,73;17,42;1,22;1,43;5,4;4,4;0,56;0,35;0,24;0,59;0,47;0,40;0,58;0,41;0,32;0,42;21,30;42,16;12,41;40,99;2446;2455;2683;2696;38,11;38,25;49,41;49,65;89,30;98,07;90,50;100,00;;;;;;;25,65;91,04;19,8;10,2;30,2;28,9;69,1;94,4;90,7;97,7;96,8;88,0;93,4;82,0;79,9;8,1;5,3;11,2;7,2;2,3;1,2;3,5;8,9;1,6;0,1;3,3;4,0;89,6;94,4;84,2;81,9;9,2;5,0;13,8;10,3;1,2;0,6;2,0;7,8;43,7;0,4;25,4;6,7;23,8;72,9;3,2;12,1;5,6;6,2;72,8;2,2;10,1;5,1;9,8;72,9;4,4;14,7;6,3;1,7;75,4;3,1;11,4;7,4;2,7;58,9;1,0;32,7;3,3;4,1;76,3;2,9;11,2;6,1;3,5;0,00;0,00;49,85;50,15;2,04;33,45;43,00;21,50;1,27;25,50;49,37;23,86;2,89;42,24;35,97;18,90;6,74;67,78;0,00;25,48;92,90;;;;;;7,47;7,82;38,58;45,69;16,34;25,45;53,09;3,15;19,93;19,36;67,31;11,54;54;0;;0,33;0,60;43,42;12;72,84;;91,09;101,09;86,01;6,5;0,8;5,49;1,00;19,86;27,52;29,14;0,97;15,60;0,53;0,06;91,05;338,71;;;;;;;;1,88;0,09;354,62;152,62;0,00;689,62;0,28;44,57;0,24;0,09;0,00;17,61;7,58;0,00;34,25;0,01;2,21;0,01;Sim;Sim;;;;;16206;26048,61;133,95;4984;2385;7368;40401,73;19398,08;59799,81;676,32;85848,42;13,25;4,02;9,23;35043,14;2731890,25;1682126,68;6818166,97;0,31;24,25;14,93;60,51;11267227,04;1929670,57;13196897,61;24172,71;6624782,98;35752,73;18717,99;2698619,65;48741,85;424940,12;1427865,04;652652,87;1317301,47;191,26;0,5;0,3;40,7;0,7;6,4;21,6;9,9;19,9;0,0;12266,32;2643,81;153610;39,7;1611,11;456,33;1111;133;20064;1012;9807;32960;88523;412,53;233,61;86,20;1803,21;19,95;103;227;3;1198;770;150;193;115;28;83;138;26,73;2;59;19;55;42;41;53;2;126;10;367,70;1404;0,07;2073,28;249;0,41;312,31;0,06;1086,70;3;28,00;;;;;;;Diversas Unidades;Sim;;;;Sim;;;1908;149,80;;;Sim;;Sim;;;;;;;;;3,88
2014;0,598;0,770;0,559;;0,509;0,606;0,676;0,353;;0,772;0,434;0,635;0,502;;;;;;;;;;;;;;;;;;;;;;;;;;;;;;85,24;93,73;87,56;60,76;56,41;199;135;119;62;13,08;31,36;1,16;1,41;;;0,55;0,33;0,23;0,63;0,43;0,36;0,59;0,38;0,29;0,40;18,03;37,05;10,69;36,25;2390;2413;2600;2712;37,51;37,87;47,79;49,85;90,16;99,75;90,23;100,00;;;;;;;31,16;88,76;17,9;8,1;28,7;27,4;70,7;95,8;92,8;98,5;96,6;87,6;94,2;80,3;76,6;8,3;4,3;12,6;8,9;2,4;1,3;3,7;10,7;1,7;0,2;3,4;3,8;88,9;95,2;81,9;80,7;10,0;4,4;16,1;12,8;1,1;0,4;2,0;6,5;46,3;0,5;23,8;6,9;22,5;74,6;3,2;11,5;5,5;5,2;76,3;2,4;8,3;4,5;8,5;72,6;4,3;15,3;6,7;1,1;74,4;3,0;13,9;7,2;1,5;58,9;2,4;29,6;6,2;2,9;77,6;4,9;12,5;3,8;1,2;0,00;0,00;49,49;50,51;2,04;33,19;42,29;22,49;1,33;24,51;48,65;25,51;2,83;42,73;35,28;19,17;6,76;68,07;0,00;25,17;92,93;;;;;;7,45;7,08;52,86;52,86;9,88;26,06;64,25;4,88;18,46;14,87;67,86;10,79;66;0;;0,43;0,64;43,31;12;74,91;;90,44;119,17;81,96;5,1;1,1;5,18;1,15;19,92;32,16;28,62;87,72;16,29;0,45;0,08;94,73;353,70;34,21;14,50;10,64;3,91;;;;1,52;0,20;413,57;181,89;0,00;831,88;0,07;47,11;0,17;0,06;0,01;17,53;7,71;0,00;35,27;0,00;2,00;0,01;Sim;Sim;;;;;15785;27437,33;144,85;5525;2641;8166;47838,71;22942,70;70781,41;722,36;98218,74;15,02;4,20;10,83;43158,99;2721167,51;1871055,47;7574104,25;0,35;22,29;15,32;62,03;12209486,22;1746212,22;13955698,44;25341,28;6806819,23;14074,25;17442,57;2459558,80;57343,37;444821,90;1559845,28;926145,51;1327445,90;141,65;0,2;0,3;36,1;0,8;6,5;22,9;13,6;19,5;0,0;12493,20;2862,93;151936;38,6;1845,48;508,33;1255;133;20741;1015;8619;33994;86179;469,86;263,05;91,04;1775,51;23,05;119;230;0;1355;736;168;156;121;31;74;142;27,51;1;59;32;49;58;26;57;1;136;6;514,13;8;0,09;;0;0,49;514,13;0,07;1039,73;1;30,00;;;;1155,25;4,37;27;Diversas Unidades;Sim;Sim;117;;Sim;;;2031;159,45;Não;Não;Sim;;Sim;;;;;;;;;4,13
2015;;;;;;;;;;;;;;;;;;;;;;;;;;;;;;;;;;;;;;;;;;;87,12;94,16;88,82;58,37;54,00;195;133;117;62;12,96;30,97;1,16;1,37;5,4;4,2;;;0,18;;;0,34;;;0,26;;;;7,97;32,94;;;2395;2395;;;46,56;46,56;88,62;99,52;88,39;100,00;;;;;;;31,36;86,28;16,4;6,5;27,4;27,4;70,2;95,4;92,5;98,1;95,8;88,0;94,6;80,7;77,5;8,8;4,6;13,6;10,8;1,9;0,8;3,1;7,1;1,3;0,0;2,6;4,6;88,5;95,1;81,2;79,5;10,4;4,6;16,8;14,1;1,1;0,3;2,0;6,4;48,1;0,2;22,2;6,4;23,1;74,3;4,1;11,3;5,0;5,3;77,5;2,8;7,6;3,6;8,5;70,5;5,7;15,8;6,6;1,4;73,1;4,3;14,1;5,4;3,1;58,9;3,2;29,7;6,9;1,3;76,0;4,2;12,9;4,0;2,9;0,00;0,00;47,94;52,06;2,08;32,22;41,94;23,76;1,35;23,45;48,03;27,17;2,90;42,02;35,13;19,95;3,93;69,78;0,00;26,28;92,05;54,14;15,09;10,49;3,36;0,04;7,60;7,11;56,71;51,98;15,60;22,57;51,75;3,82;21,53;16,02;68,21;10,10;90;;;0,28;0,74;48,04;12;74,96;;106,69;98,01;91,18;5,2;0,7;6,02;1,00;18,12;31,83;26,40;69,64;20,65;0,50;0,08;96,28;355,60;33,33;12,56;11,46;3,89;;;;1,41;0,29;435,13;188,79;0,00;926,72;3,86;48,90;0,20;0,06;0,01;17,61;7,64;0,00;37,51;0,16;1,98;0,01;Sim;Sim;;;;;15888;28112,04;147,45;5982;2809;8791;56374,82;26558,50;82933,32;786,14;111045,36;16,84;4,26;12,58;33431,66;2714978,94;2052751,99;7723520,67;0,27;21,68;16,39;61,67;12524683,26;1911788,78;14436472,04;25998,36;6291806,40;12684,75;14639,49;2238844,97;35714,75;508423,85;1561812,08;809572,21;1110007,93;106,36;0,2;0,2;35,6;0,6;8,1;24,8;12,9;17,6;0,0;11451,62;2842,63;147024;37,1;1966,60;520,70;1317;109;19390;935;7548;33561;84164;414,80;298,68;71,35;1475,72;19,29;106;182;2;1433;810;198;96;104;198;39;124;499,55;1;57;16;50;39;36;48;1;116;8;406,98;1350;0,08;2289,27;240;0,44;345,55;0,07;19622,32;;;;;;20349,08;3,93;27;Região PMMG;Sim;;;Sim;Sim;;;2415;191,21;;;Sim;;;;;;;;;;;4,31
2016;0,691;;;;0,685;;;;0,598;;;0,675;0,558;0,807;;;;;;;;;;;;;;;;;;;;;;;;;;;;;92,15;94,34;89,70;64,44;59,42;193;133;115;62;12,79;32,12;1,23;1,37;;;0,52;0,29;0,14;0,63;0,40;0,28;0,57;0,34;0,21;0,35;14,51;31,70;5,33;23,86;2384;2385;2158;2158;37,81;37,82;44,86;44,86;89,63;99,90;89,78;100,00;;;;;;;31,76;93,86;15,9;6,2;27,2;29,3;69,1;96,1;93,6;98,4;97,6;88,3;94,5;81,0;76,0;8,7;4,6;13,4;12,5;1,9;0,8;3,1;6,3;1,1;0,1;2,5;5,2;88,8;95,1;81,5;78,2;10,3;4,6;17,0;17,4;0,9;0,3;1,5;4,4;48,5;0,5;21,8;5,1;24,1;74,4;5,3;10,7;5,0;4,6;78,7;3,2;6,9;3,6;7,6;69,4;7,7;15,1;6,6;1,2;75,5;4,5;10,6;7,6;1,8;52,8;6,6;33,2;6,2;1,2;76,5;5,8;8,7;6,8;2,2;0,00;0,00;48,06;51,94;2,10;32,33;41,13;24,44;1,31;23,17;47,71;27,81;3,01;42,92;33,52;20,55;6,76;67,75;0,00;25,49;94,52;57,28;14,85;10,65;3,41;3,79;7,97;7,26;50,11;38,98;10,12;26,90;69,43;4,47;20,64;18,60;71,10;10,45;78;;;0,48;2,12;54,66;12;75,48;;83,09;98,97;82,19;8,2;1,1;5,26;0,94;18,99;35,01;27,40;0,47;28,50;0,46;0,12;87,24;323,20;47,13;10,94;11,66;4,19;;;;2,55;0,27;469,21;206,92;0,00;984,60;1,36;52,20;0,13;0,10;0,01;17,82;7,86;0,00;37,40;0,05;1,98;0,01;;;;;;;14809;27222,26;153,19;6296;2888;9185;66258,61;30497,06;96755,67;877,87;123977,93;18,65;4,10;14,56;36628,11;2569031,86;2238389,71;7888808,08;0,29;20,18;17,58;61,96;12732857,77;1792005,34;14524863,11;25954,13;6621121,07;7178,74;12697,89;2315855,29;61032,76;570203,31;1604803,05;999419,18;1049930,85;0,00;0,1;0,2;35,0;0,9;8,6;24,2;15,1;15,9;0,0;11954,87;2897,58;144249;36,2;2165,24;558,10;1399;97;18742;908;6376;33446;83281;552,68;426,29;74,75;1470,45;23,47;130;212;0;2095;627;156;97;72;156;41;149;590,65;1;66;30;52;59;41;44;5;140;9;439,21;1261;0,10;2346,79;236;0,55;369,97;0,09;19098,03;;;;;;19780,09;4,64;28;Região PMMG;Sim;;;Sim;Sim;;;2427;168,42;;;Sim;;;;;;;;;;;4,38
2017;;;;;;;;;;;;;;;;;;;;;;;;;;;;;;;;;;;;;;;;;;;94,20;94,41;89,91;69,66;64,09;192;137;114;65;6,85;18,77;1,11;1,50;5,6;4,1;;;0,15;;;0,30;;;0,23;;;;7,14;29,05;;;1890;1890;;;39,57;39,57;89,45;99,99;92,90;98,82;;;;;;;31,90;96,45;15,4;6,2;26,7;30,6;70,5;96,2;93,8;98,4;97,9;88,4;94,7;80,6;74,9;8,8;4,3;14,3;13,0;1,7;0,9;2,7;6,5;1,1;0,1;2,4;5,6;89,1;95,6;81,0;76,7;9,8;4,1;17,0;18,1;1,1;0,3;2,0;5,2;47,1;0,2;24,6;6,1;22,0;74,4;4,3;11,5;5,0;4,8;79,5;2,7;6,6;3,5;7,7;68,3;6,1;17,3;6,8;1,5;75,6;4,8;10,6;7,4;1,6;56,5;5,4;30,5;5,4;2,2;75,8;5,6;9,5;7,8;1,3;0,00;0,00;49,72;50,28;2,13;31,91;41,09;24,86;1,35;23,02;47,29;28,33;3,09;42,84;33,48;20,60;7,16;68,43;0,00;24,40;95,38;57,37;14,34;12,94;3,53;5,27;7,66;6,78;42,95;46,61;16,99;24,37;62,80;4,78;20,48;18,10;72,06;10,19;100;;;0,61;0,83;57,95;12;78,12;;82,53;102,81;89,25;7,5;0,8;4,17;0,90;19,68;36,44;28,63;0,68;20,36;0,45;0,14;85,91;318,39;36,74;9,77;10,36;4,83;;;;1,94;0,12;503,75;204,96;0,00;1014,36;1,58;55,38;0,07;0,07;0,00;17,89;7,28;0,00;36,02;0,06;1,97;0,00;Sim;Não;Sim;Não;Sim;Sim;13418;25794,55;160,19;6795;3025;9821;76148,65;34009,44;110158,10;934,75;135952,65;20,30;3,85;16,45;33314,66;2802782,12;2391512,94;8631106,72;0,24;20,22;17,26;62,28;13858716,44;2131292,95;15990009,39;28362,70;6998661,80;9573,90;11003,36;2387497,93;36509,77;749928,54;1720316,47;901495,01;1182336,83;0,00;0,1;0,2;34,1;0,5;10,7;24,6;12,9;16,9;0,0;12539,33;3082,25;143344;35,6;2310,99;593,52;1333;80;18931;838;6126;33138;82898;396,32;292,40;63,07;1487,27;20,25;113;164;0;1441;904;409;71;75;27;83;137;24,55;3;66;19;49;41;45;51;0;125;12;468,24;1192;0,09;2206,07;253;0,45;386,25;0,08;19933,46;;;;;;19246,10;3,90;29;Região PMMG;Sim;;;Sim;Sim;;;2462;170,85;;;Sim;;;;;;;;;;;4,63
2018;0,685;;;;0,687;;;;0,698;;;0,560;0,592;0,776;;;;;;;;;;;;;;;;;;;;;;;;;;;;;90,95;97,50;92,93;66,40;60,73;194;136;116;63;6,08;17,90;1,05;1,38;;;0,50;0,40;0,32;0,62;0,40;0,32;0,56;0,34;0,24;0,37;16,28;27,23;6,93;30,32;2039;2042;2122;2121;34,12;34,14;43,67;43,66;87,85;99,98;85,42;98,57;;;;;;;31,27;90,23;14,8;5,8;26,2;31,5;69,5;95,5;93,3;98,0;97,0;;;;;;;;;;;;;;;;;89,9;95,6;82,6;76,3;9,2;4,1;15,6;18,2;0,9;0,3;1,8;5,5;46,8;0,2;23,9;6,4;22,7;75,3;3,7;10,6;5,0;5,4;80,2;2,3;5,9;3,7;7,9;69,2;5,5;16,4;6,5;2,4;75,8;4,7;9,6;7,7;2,2;56,4;5,4;31,9;3,8;2,5;77,5;5,7;8,3;6,7;1,8;0,00;0,00;100,00;0,00;0,00;49,25;50,75;0,00;0,00;0,00;100,00;0,00;0,00;100,00;0,00;0,00;0,00;100,00;0,00;0,00;95,37;0,00;0,00;0,00;0,00;0,00;7,45;6,41;27,19;44,41;22,43;15,33;38,12;5,78;20,06;16,76;71,85;10,21;160;;;0,59;0,77;57,77;12;79,19;;102,83;97,73;105,75;8,7;1,1;4,47;1,04;20,38;33,46;29,64;1,41;15,74;0,56;0,22;103,08;307,09;39,07;8,78;9,30;5,47;;;;4,12;0,00;526,14;210,21;0,00;1010,37;0,01;106,59;0,09;0,14;0,00;18,25;7,29;0,00;35,05;0,00;3,70;0,00;Sim;Sim;Sim;Não;Sim;Sim;13086;26335,87;167,71;7132;3168;10299;81344,56;36248,33;117592,89;951,48;143928,75;21,25;3,89;17,37;29947,58;2961676,00;2472722,58;9027172,68;0,21;20,44;17,06;62,29;14491518,84;2465384,38;16956903,22;30048,91;7024151,85;6205,95;9332,70;2355934,61;25094,51;562311,61;1914542,92;1014021,43;1136708,12;0,00;0,1;0,1;33,5;0,4;8,0;27,3;14,4;16,2;0,0;12447,33;3392,71;144196;35,4;2397,55;612,64;1217;76;19308;829;5960;33298;83508;264,04;192,96;39,24;1540,30;12,18;68;104;0;1077;1012;800;73;47;37;85;86;15,12;2;32;19;33;27;34;24;1;76;10;475,41;1187;0,06;2432,37;232;0,32;397,68;0,05;20153,93;;;;;;;;;Batalhão;;;;;;;;;;;;Sim;;;;;;;;;;;4,71
2019;;;;;;;;;;;;;;;;;;;;;;;;;;;;;;;;;;;;;;;;;;;89,99;98,09;93,67;67,12;62,30;191;136;116;65;5,48;15,54;0,95;1,10;5,6;4,2;0,50;0,26;0,16;0,62;0,36;0,31;0,56;0,31;0,23;0,35;13,85;30,38;7,07;29,31;1884;1883;1995;1996;34,27;34,26;43,28;43,30;87,91;99,98;85,80;100,00;;;;;;;29,63;89,93;13,9;5,3;24,8;27,6;72,7;97,0;94,8;99,3;99,4;;;;;;;;;;;;;;;;;90,6;96,2;83,4;79,0;8,9;3,6;15,6;17,7;0,5;0,2;1,0;3,3;47,2;2,1;23,3;8,1;19,3;72,7;8,2;9,9;5,4;3,8;77,3;5,9;6,1;4,3;6,4;66,8;11,2;14,7;6,8;0,5;74,7;6,9;10,1;7,9;0,4;51,2;10,0;30,0;8,3;0,5;76,3;10,7;7,3;5,4;0,3;0,00;0,00;48,61;51,39;2,13;30,10;41,79;25,98;1,33;22,14;47,34;29,19;3,15;40,25;34,71;21,90;7,01;68,25;0,00;24,73;95,53;59,00;15,12;10,05;3,77;6,06;7,85;6,58;33,11;31,32;9,67;11,95;25,29;2,66;15,94;15,47;73,87;10,73;93;0;0;0,60;0,81;56,91;12;79,05;;43,36;67,81;48,85;9,0;0,8;5,59;1,05;20,51;38,58;28,59;1,52;19,10;0,39;0,00;33,01;320,25;39,08;8,72;10,08;5,92;;;;2,05;0,34;521,92;191,93;0,00;993,95;0,00;111,58;0,34;0,07;0,01;18,25;6,71;0,00;34,76;0,00;3,90;0,01;Sim;Sim;Sim;Sim;Sim;Sim;12973;27416,61;176,11;7136;3181;10317;85602,26;38191,12;123793,38;999,92;151209,99;22,15;4,02;18,13;33421,98;3392403,42;2489208,95;10201835,99;0,21;21,05;15,44;63,30;16116870,33;2587008,09;18703878,42;32878,83;7748309,50;18825,87;14014,24;2539769,83;50696,45;924996,08;1858827,46;1190084,23;1151095,35;0,00;0,2;0,2;32,8;0,7;11,9;24,0;15,4;14,9;0,0;13620,46;3267,56;144171;32,4;2406,87;609,98;1205;81;19453;870;5538;33072;83952;220,44;162,95;34,28;1417,89;9,32;53;96;0;927;963;811;63;47;30;61;66;11,60;0;25;9;32;27;16;22;1;59;7;473,27;1202;0,04;2539,61;224;0,24;398,93;0,04;20316,89;;;;;;;;27;Região;Sim;;;Sim;Sim;;;2470;177,57;;;Sim;;;;;;;;;;;4,79
2020;0,718;;;;0,629;;;;0,874;;;0,713;0,639;0,759;;;;;;;;;;;;;;;;;;;;;;;;;;;;;85,59;97,52;93,26;71,24;66,09;190;142;119;64;6,07;17,15;0,96;1,19;;;;;;;;;;;;;;;;;;;;;;;;;87,26;99,98;85,77;100,00;;;;;;;26,47;96,91;13,8;4,5;25,1;28,9;76,0;97,1;95,0;99,2;99,4;;;;;;;;;;;;;;;;;97,3;97,7;96,9;94,3;0,3;0,1;0,5;2,3;2,4;2,2;2,6;3,4;49,2;1,7;25,9;6,6;16,6;79,4;5,9;8,4;2,9;3,4;80,8;4,6;5,5;3,6;5,5;77,7;7,7;12,2;2,0;0,4;82,0;5,5;9,6;2,6;0,3;64,6;4,1;29,0;2,0;0,3;85,0;7,4;6,6;1,0;0,0;0,00;0,00;51,02;48,98;2,07;30,66;41,51;25,77;1,30;22,80;46,96;28,94;3,00;40,22;34,87;21,90;6,87;68,21;0,00;24,92;96,04;61,27;15,03;10,85;4,21;5,59;8,48;6,93;31,76;26,47;9,89;12,13;25,10;5,98;18,60;17,93;75,48;10,03;120;0;0;0,19;0,34;48,34;;78,79;;57,42;63,92;55,21;9,9;0,6;6,87;1,46;19,14;34,25;27,89;1,54;15,06;0,81;0,39;58,11;315,34;33,72;9,00;10,52;6,15;;;;0,20;0,00;464,43;213,77;0,00;1043,35;0,19;12,26;0,00;0,00;0,00;14,74;6,78;0,00;33,11;0,01;0,39;0,00;Sim;Sim;Sim;Sim;Sim;Sim;14506;101243,50;581,62;7043;3281;10324;88506,69;41236,64;129743,33;1047,25;230986,82;33,58;14,72;18,86;44772,72;2360842,01;2471235,58;9730539,38;0,31;16,16;16,92;66,61;14607389,69;2265790,44;16873180,13;29432,45;8401713,15;22994,66;17600,87;2023045,67;12209,78;735828,32;1878599,04;2713645,18;997789,62;0,00;0,3;0,2;24,1;0,2;8,8;22,4;32,3;11,9;0,0;14655,39;3276,90;141071;34,4;2375,00;584,43;1121;82;18602;882;5470;30935;83979;175,48;129,60;34,01;1264,29;9,59;55;79;6;742;1113;1458;76;61;32;52;67;244,60;1;26;7;33;26;23;18;0;57;10;478,14;1199;0,05;3149,92;182;0,30;415,12;0,13;20474,46;;28,00;;;36,00;;;27;Pelotão;Sim;;;Sim;Sim;0;0,00;2255;140,85;;;Sim;;;144338;612469,39;4243,30;90559,09;14,8;752897,12;81,3;109,44;4,86
2021;;;;;;;;;;;;;;;;;;;;;;;;;;;;;;;;;;;;;;;;;;;70,37;93,69;;67,63;;187;140;118;63;6,97;17,81;;;;5,0;0,60;0,28;0,13;0,46;0,41;0,32;0,53;0,35;0,23;0,37;15,20;34,08;5,03;29,37;1388;1388;1093;1093;23,27;23,27;20,61;20,61;89,21;99,98;90,62;100,00;;;;;;;15,36;92,27;11,9;3,0;21,9;25,8;76,9;97,2;95,3;99,0;99,5;;;;;;;;;;;;;;;;;96,8;98,3;95,1;89,7;1,2;0,2;2,3;7,6;2,0;1,5;2,6;2,7;51,3;1,8;23,2;7,5;16,2;74,9;5,9;9,9;6,2;3,1;78,6;5,0;7,1;4,2;5,1;70,3;7,0;13,4;8,6;0,7;74,7;3,8;10,9;10,2;0,4;53,4;5,1;33,2;7,5;0,8;71,7;5,9;12,8;9,6;0,0;0,00;0,00;68,70;31,30;2,12;29,74;43,63;24,50;1,40;22,86;48,81;26,94;2,95;37,53;37,77;21,76;7,14;67,45;0,00;25,41;90,50;86,24;16,20;8,79;4,19;11,09;10,36;8,49;25,39;40,27;9,81;10,29;17,36;3,93;17,05;13,78;74,41;11,53;138;0;0;0,11;0,13;48,34;;81,43;;43,17;49,81;40,07;8,6;0,5;5,51;0,92;14,30;27,56;19,16;1,47;22,76;1,13;0,14;43,33;330,48;23,29;10,32;12,07;6,19;;;;;;;;;;;;;;;;;;;;;;;;;;;Sim;17177;30502,87;147,98;6991;3292;10282;92401,32;43511,01;135912,33;1101,49;166415,20;24,01;4,40;19,61;55013,69;4534877,91;2668261,52;10195934,13;0,32;25,98;15,29;58,42;17454087,26;2843472,02;20297559,28;35145,34;10904568,70;18760,56;30562,46;4344456,97;17521,85;919985,16;2377807,37;1976167,79;1219306,53;0,00;0,2;0,3;39,8;0,2;8,4;21,8;18,1;11,2;0,0;20243,51;4414,22;143531;32,6;2658,44;660,69;1059;87;19345;901;6305;32671;83163;134,88;96,96;27,36;1071,28;6,93;40;68;2;560;1263;2000;58;50;44;75;58;10,04;1;17;6;34;21;15;22;;55;3;483,70;1194;;;214;;410,18;;;;;;;;;;29;Batalhão;Não;;;Sim;Sim;0;0,00;2056;114,03;;;Sim;;;;;;;;;;;5,12
2022;;;;;;;;;;;;;;;;;;;;;;;;;;;;;;;;;;;;;;;;;;;89,22;100,00;;77,14;;188;140;118;61;6,22;15,64;;;;;0,43;0,23;0,09;0,58;0,33;0,22;0,51;0,28;0,15;0,29;11,30;26,30;9,00;22,00;2294;2296;2133;2131;34,80;34,83;41,10;41,06;83,90;99,90;82,90;100,00;;;;;;;32,40;100,00;9,7;3,0;17,2;25,5;84,3;97,2;95,5;99,1;99,1;;;;;;;;;;;;;;;;;92,3;96,7;87,4;81,8;6,9;3,0;11,2;11,7;0,8;0,3;1,4;6,5;53,4;0,9;26,9;3,1;15,7;83,3;3,1;7,9;2,9;2,8;84,3;2,6;5,2;3,4;4,5;82,0;3,6;11,1;2,4;0,9;85,4;2,6;8,3;2,8;0,9;68,7;3,1;22,5;4,1;1,6;84,4;4,8;5,3;4,1;1,4;0,00;0,00;90,26;9,74;2,05;30,56;42,35;25,05;1,28;23,13;47,82;27,77;2,90;38,86;36,23;22,01;6,97;69,03;0,00;24,00;100,00;59,19;14,38;4,38;2,69;18,08;;;26,34;33,87;11,33;16,09;35,73;1,40;21,28;16,83;76,76;11,07;171;0;0;0,16;0,18;48,34;;79,83;;45,23;52,09;39,53;8,2;0,8;4,77;0,94;19,23;38,62;25,61;1,45;14,95;0,69;0,21;45,37;322,01;37,06;;;;;;;1,28;0,40;747,59;160,71;0,00;1282,33;0,19;30,00;3,77;0,03;0,01;17,30;3,72;0,00;29,67;0,00;0,69;0,09;;;;Sim;;;23744;115797,53;406,41;7325;3373;10698;106614,77;49113,24;155728,01;1213,04;271525,54;40,34;17,21;23,14;;;;;;;;;;;;;12873216,95;21349,80;34220,32;4542296,93;168689,35;868168,30;2803624,47;2765129,88;1669737,92;0,00;0,2;0,3;35,3;1,3;6,7;21,8;21,5;13,0;0,0;22952,68;4998,80;150647;38,9;3132,53;872,68;1027;89;19284;915;6300;33361;79242;;;;;;;;;;;;;;;;;;;;;;;;;;;;;;;;;;;;;;;;;;;;;;;;;;;;;;;;;;;;;;;;;;;;5,23
2023;;;;;;;;;;;;;;;;;;;;;;;;;;;;;;;;;;;;;;;;;;;93,63;97,93;;74,13;;190;142;120;62;5,06;12,53;;;5,3;4,3;0,44;0,24;0,12;0,60;0,34;0,25;0,52;0,29;0,18;0,31;12,27;25,73;5,15;21,63;2159;2165;1943;1946;33,21;33,30;44,74;44,81;83,38;99,87;82,76;100,00;;;;;;;37,77;100,00;9,3;3,6;15,7;22,8;78,5;97,2;96,0;98,4;97,7;;;;;;;;;;;;;;;;;93,1;97,1;88,6;84,4;6,4;2,7;10,6;11,0;0,5;0,2;0,8;4,6;55,1;1,1;26,0;6,3;11,5;84,2;3,3;7,7;3,8;1,0;86,2;2,2;4,8;5,4;1,4;82,1;4,5;10,6;2,2;0,6;85,3;4,2;6,5;2,5;1,5;70,6;3,4;23,2;2,3;0,5;85,7;4,4;6,6;2,2;1,1;0,00;0,00;55,07;44,93;2,05;29,97;42,18;25,80;1,27;22,35;48,37;28,01;2,92;38,60;35,18;23,30;7,21;68,51;0,00;24,28;99,30;92,09;14,28;5,51;2,80;16,87;;;;;;;;;;;;10,32;;;;0,20;0,22;58,38;;81,40;;;;;8,3;;4,47;0,97;;;;;;0,73;;;301,80;;;13,72;1,51;;;;1,78;0,29;798,97;270,06;0,00;1373,02;0,05;25,18;2,23;0,04;0,01;16,17;5,50;0,00;27,79;0,00;0,51;0,05;;;;;;;27536;221337,22;669,85;8413;3793;12206;132763,35;59888,19;192651,53;1315,32;413988,76;61,24;32,74;28,50;;;;;;;;;;;;;;;;;;;;;;;;;;;;;;;;;;;;;;;;;;;;;;;;;;;;;;;;;;;;;;;;;;;;;;;;;;;;;;;;;;;;;;;;;;;;;;;;;;;;;;;;;;;;;;;;5,44
